order_id,customer_id,amount,created_at
1,9,118.15,2026-10-07 15:06:12
2,17,32.4,2026-10-03 12:06:12
3,31,133.8,2026-10-06 02:06:12
4,7,102.69,2026-10-04 04:06:12
5,28,125.41,2026-10-08 07:06:12
6,999,94.62,2026-10-05 21:06:12
7,38,189.6,2026-10-04 22:06:12
8,2,14.24,2026-10-01 09:06:12
9,35,11.75,2026-10-04 06:06:12
10,44,51.15,2026-10-03 19:06:12
11,47,50000.0,2026-10-05 23:06:12
12,49,93.2,2026-10-03 01:06:12
13,36,54.29,2026-10-05 20:06:12
14,44,51.57,2026-10-03 10:06:12
15,19,186.04,2026-10-03 21:06:12
16,36,185.22,2026-10-07 06:06:12
17,12,129.58,2026-10-05 04:06:12
18,8,151.2,2026-10-02 23:06:12
19,28,106.47,2026-10-06 07:06:12
20,20,63.99,2026-10-03 00:06:12
21,33,,2026-10-07 23:06:12
22,31,,2026-10-04 00:06:12
23,27,,2026-10-04 10:06:12
24,36,,2026-10-04 08:06:12
25,6,,2026-10-02 21:06:12
26,7,,2026-10-02 18:06:12
27,26,,2026-10-08 00:06:12
28,31,,2026-10-01 18:06:12
29,38,,2026-10-01 10:06:12
30,11,,2026-10-05 21:06:12
31,1,,2026-10-02 13:06:12
32,36,54.11,2026-10-02 20:06:12
33,23,190.97,2026-10-02 04:06:12
34,23,97.24,2026-10-05 11:06:12
35,43,114.12,2026-10-08 06:06:12
36,25,158.89,2026-10-02 20:06:12
37,9,108.55,2026-10-02 08:06:12
38,14,90.96,2026-10-07 17:06:12
39,31,175.3,2026-10-02 06:06:12
40,36,47.97,2026-10-02 22:06:12
41,27,102.14,2026-13-45
42,27,75.75,2026-10-02 14:06:12
43,35,128.46,2026-10-01 19:06:12
44,22,97.05,2026-10-08 00:06:12
45,15,130.72,2026-10-02 11:06:12
46,38,44.35,2026-10-07 08:06:12
47,36,161.45,2026-10-05 14:06:12
48,3,169.93,2026-10-07 13:06:12
49,6,174.93,2026-10-03 12:06:12
50,1,153.29,2026-10-05 08:06:12
51,16,61.04,2026-10-01 16:06:12
52,12,75.44,2026-10-07 14:06:12
53,11,40.33,2026-10-02 16:06:12
54,11,134.76,2026-10-01 10:06:12
55,46,65.95,2026-10-04 21:06:12
56,32,100.02,2026-10-08 01:06:12
57,20,83.45,2026-10-03 20:06:12
58,13,59.1,2026-10-05 15:06:12
59,47,106.92,2026-10-06 02:06:12
60,39,92.01,2026-10-08 02:06:12
61,15,42000.0,2026-10-06 18:06:12
62,3,146.58,2026-10-06 14:06:12
63,29,143.88,2026-10-03 18:06:12
64,35,168.13,2026-10-01 14:06:12
65,45,108.15,2026-10-05 22:06:12
66,34,133.22,2026-10-04 02:06:12
67,44,119.41,2026-10-04 21:06:12
68,43,129.88,2026-10-07 16:06:12
69,48,66.74,2026-10-06 01:06:12
70,4,68.21,2026-10-07 12:06:12
71,20,184.26,2026-10-05 03:06:12
72,48,40.06,2026-10-02 07:06:12
73,17,34.77,2026-10-02 08:06:12
74,3,122.21,2026-10-06 00:06:12
75,37,97.56,2026-10-01 16:06:12
76,33,17.11,2026-10-06 04:06:12
77,23,28.81,2026-10-02 05:06:12
78,44,180.35,2026-10-02 00:06:12
79,13,103.55,2026-10-01 05:06:12
80,25,66.25,2026-10-03 00:06:12
81,2,71.82,2026-10-04 01:06:12
82,19,13.44,2026-10-06 04:06:12
83,21,164.12,2026-10-02 07:06:12
84,9,74.43,2026-10-06 01:06:12
85,18,138.15,2026-10-04 06:06:12
86,36,75.33,2026-10-02 15:06:12
87,32,155.91,2026-10-02 15:06:12
88,16,22.41,2026-10-07 21:06:12
89,6,35.27,2026-10-06 13:06:12
90,35,50.46,2026-10-04 18:06:12
91,39,61000.0,2026-10-05 14:06:12
92,24,74.38,2026-10-07 02:06:12
93,19,54.69,2026-10-01 21:06:12
94,50,191.32,2026-10-03 02:06:12
95,9,120.19,2026-10-07 05:06:12
96,21,17.44,2026-10-07 13:06:12
97,25,174.57,2026-10-06 18:06:12
98,9,74.77,2026-10-01 18:06:12
99,38,158.56,2026-10-04 07:06:12
100,5,118.45,2026-10-05 22:06:12
101,37,25.53,2026-10-05 11:06:12
102,24,179.25,2026-10-02 07:06:12
103,35,185.76,2026-10-03 10:06:12
104,18,30.47,2026-10-07 20:06:12
105,19,12.35,2026-10-08 04:06:12
106,6,88.57,2026-10-07 21:06:12
107,13,55.53,2026-10-02 01:06:12
108,27,40.78,2026-10-03 12:06:12
109,11,139.37,2026-10-06 15:06:12
110,48,170.55,2026-10-03 16:06:12
111,25,163.23,2026-10-02 13:06:12
112,19,114.54,2026-10-03 05:06:12
113,21,29.02,2026-10-01 09:06:12
114,21,17.53,2026-10-08 05:06:12
115,19,148.03,2026-10-04 22:06:12
116,29,84.34,2026-10-04 01:06:12
117,5,22.2,2026-10-04 22:06:12
118,39,194.26,2026-10-07 03:06:12
119,17,50.89,2026-10-01 17:06:12
120,50,196.19,2026-10-02 13:06:12
121,45,99.09,2026-10-04 12:06:12
122,17,44.81,2026-10-06 02:06:12
123,20,47.85,2026-10-04 11:06:12
124,6,165.8,2026-10-07 09:06:12
125,49,95.1,2026-10-01 09:06:12
126,37,132.26,2026-10-05 21:06:12
127,25,193.65,2026-10-07 21:06:12
128,21,45.49,2026-10-02 03:06:12
129,20,56.71,2026-10-07 06:06:12
130,35,126.16,2026-10-01 23:06:12
131,6,56.57,2026-10-08 02:06:12
132,16,86.34,2026-10-05 11:06:12
133,36,174.84,2026-10-07 12:06:12
134,2,130.72,2026-10-05 05:06:12
135,49,160.52,2026-10-03 01:06:12
136,31,173.9,2026-10-06 16:06:12
137,7,105.27,2026-10-04 20:06:12
138,5,106.76,2026-10-01 05:06:12
139,12,44.12,2026-10-06 17:06:12
140,10,166.09,2026-10-04 22:06:12
141,20,30.31,2026-10-02 20:06:12
142,39,65.76,2026-10-06 03:06:12
143,10,113.64,2026-10-07 23:06:12
144,50,70.05,2026-10-01 16:06:12
145,44,182.36,2026-10-06 03:06:12
146,12,66.8,2026-10-02 14:06:12
147,11,19.23,2026-10-01 05:06:12
148,16,57.99,2026-10-07 15:06:12
149,44,193.04,2026-10-03 17:06:12
150,36,57.54,2026-10-03 15:06:12
151,35,96.13,2026-10-04 02:06:12
152,22,42.59,2026-10-03 03:06:12
153,2,160.68,2026-10-03 21:06:12
154,37,13.59,2026-10-04 13:06:12
155,38,36.27,2026-10-06 23:06:12
156,9,59.23,2026-10-05 09:06:12
157,26,117.17,2026-10-06 11:06:12
158,40,26.96,2026-10-03 03:06:12
159,1,43.74,2026-10-04 22:06:12
160,33,179.68,2026-10-03 15:06:12
161,44,131.43,2026-10-05 22:06:12
162,16,69.47,2026-10-03 05:06:12
163,15,145.44,2026-10-04 17:06:12
164,36,126.14,2026-10-01 08:06:12
165,18,194.75,2026-10-05 23:06:12
166,4,185.1,2026-10-02 21:06:12
167,42,176.71,2026-10-06 15:06:12
168,33,155.55,2026-10-06 03:06:12
169,20,66.76,2026-10-05 03:06:12
170,36,80.61,2026-10-03 09:06:12
171,39,26.14,2026-10-07 00:06:12
172,39,192.41,2026-10-02 05:06:12
173,25,43.49,2026-10-05 15:06:12
174,28,51.35,2026-10-02 06:06:12
175,47,153.97,2026-10-07 18:06:12
176,32,139.51,2026-10-01 12:06:12
177,23,82.96,2026-10-06 13:06:12
178,35,148.68,2026-10-07 21:06:12
179,34,196.43,2026-10-05 14:06:12
180,41,29.2,2026-10-07 10:06:12
181,9,194.15,2026-10-01 18:06:12
182,43,140.46,2026-10-07 11:06:12
183,29,171.68,2026-10-05 18:06:12
184,25,188.6,2026-10-03 17:06:12
185,26,41.3,2026-10-04 20:06:12
186,29,34.0,2026-10-03 03:06:12
187,14,32.65,2026-10-01 22:06:12
188,35,87.56,2026-10-07 01:06:12
189,43,66.14,2026-10-05 16:06:12
190,25,152.42,2026-10-08 06:06:12
191,13,110.39,2026-10-02 03:06:12
192,2,15.85,2026-10-01 20:06:12
193,16,168.71,2026-10-06 03:06:12
194,12,64.11,2026-10-02 13:06:12
195,13,61.91,2026-10-02 02:06:12
196,49,57.67,2026-10-03 13:06:12
197,11,113.62,2026-10-03 02:06:12
198,27,172.58,2026-10-06 02:06:12
199,37,177.0,2026-10-06 03:06:12
200,19,164.01,2026-10-08 01:06:12
4,7,102.69,2026-10-04 04:06:12
5,28,125.41,2026-10-08 07:06:12
